fac,hospital_name,hospital_type,robots_allowed,base_url,hospital_type_group,cihi_peer_group,licensed_beds,n_directions,extraction_quality,plan_period_start,plan_period_end,plan_start_year,plan_period_parse_ok,has_vision,has_mission,has_values,has_purpose,source_type,extraction_date,has_extraction
592,NAPANEE LENNOX & ADDINGTON,Small Hospital,TRUE,https://lacgh.napanee.on.ca,Community — Small,NA,NA,3,full,2025-01-01,2028-01-01,2025,TRUE,TRUE,TRUE,TRUE,FALSE,pdf,2026-03-27,TRUE
593,Middlesex Hospital Alliance NEWBURY FOUR COUNTIES HEALTH SERV.,Small Hospital,TRUE,https://mhalliance.on.ca,Community — Small,NA,NA,3,full,2024-01-01,NA,2024,TRUE,TRUE,TRUE,TRUE,FALSE,pdf,2026-03-27,TRUE
596,Alliston Stevenson Memorial Hospital,Small Hospital,TRUE,https://www.stevensonhospital.ca,Community — Small,NA,NA,4,full,2023-01-01,2028-01-01,2023,TRUE,TRUE,TRUE,TRUE,FALSE,pdf,2026-03-27,TRUE
597,ALMONTE GENERAL,Small Hospital,TRUE,https://www.mrha.ca,Community — Small,NA,NA,4,full,2026-01-01,2030-01-01,2026,TRUE,FALSE,FALSE,TRUE,TRUE,pdf,2026-03-27,TRUE
599,ARNPRIOR & DISTRICT MEMORIAL,Small Hospital,TRUE,https://www.arnpriorregionalhealth.ca,Community — Small,NA,NA,5,full,2023-01-01,2026-01-01,2023,TRUE,TRUE,TRUE,TRUE,FALSE,pdf,2026-03-27,TRUE
606,BARRIE ROYAL VICTORIA REG HC,Large Community Hospital,TRUE,https://www.rvh.on.ca,Community — Large,NA,NA,6,full,2024-01-01,2034-01-01,2024,TRUE,FALSE,FALSE,TRUE,TRUE,pdf,2026-03-27,TRUE
611,BLIND RIVER NORTH SHORE HN,Small Hospital,TRUE,https://www.nshn.care,Community — Small,NA,NA,3,partial,2024-01-01,2026-01-01,2024,TRUE,TRUE,TRUE,TRUE,FALSE,pdf,2026-03-27,TRUE
619,BROCKVILLE GENERAL,Large Community Hospital,TRUE,https://www.brockvillegeneralhospital.ca,Community — Large,NA,NA,4,partial,2023-01-01,2028-01-01,2023,TRUE,TRUE,TRUE,TRUE,FALSE,txt,2026-03-28,TRUE
624,Campbellford Memorial Hospital,Small Hospital,TRUE,https://cmh.ca,Community — Small,NA,NA,4,partial,2025-01-01,2030-01-01,2025,TRUE,FALSE,FALSE,TRUE,TRUE,pdf,2026-03-27,TRUE
626,MRHA CARLETON PLACE & DISTRICT ,Small Hospital,TRUE,https://www.mrha.ca,Community — Small,NA,NA,4,full,2026-01-01,2030-01-01,2026,TRUE,FALSE,FALSE,TRUE,TRUE,pdf,2026-03-27,TRUE
627,CHAPLEAU SER DE SANTÉ DE CHAPLEAU,Small Hospital,TRUE,https://www.sschs.ca,Community — Small,NA,NA,3,full,2020-01-01,2024-01-01,2020,TRUE,TRUE,TRUE,TRUE,FALSE,pdf,2026-03-27,TRUE
632,North York General Hospital,Large Community Hospital,TRUE,https://www.nygh.on.ca,Community — Large,NA,NA,10,full,2025-01-01,2035-01-01,2025,TRUE,TRUE,TRUE,TRUE,FALSE,pdf,2026-03-27,TRUE
638,MICS GROUP COCHRANE LADY MINTO,Small Hospital,TRUE,https://www.micsgroup.com,Community — Small,NA,NA,5,full,2023-01-01,2026-01-01,2023,TRUE,TRUE,TRUE,TRUE,FALSE,pdf,2026-03-27,TRUE
640,COLLINGWOOD GENERAL AND MARINE HOSP,Large Community Hospital,TRUE,https://cgmh.on.ca,Community — Large,NA,NA,3,full,2025-01-01,2030-01-01,2025,TRUE,TRUE,TRUE,TRUE,FALSE,pdf,2026-03-27,TRUE
644,Cornwall Hospital  CORNWALL HOTEL DIEU,Small Hospital,TRUE,https://www.cornwallhospital.ca,Community — Small,NA,NA,3,partial,2022-01-01,2027-01-01,2022,TRUE,TRUE,TRUE,TRUE,FALSE,pdf,2026-03-27,TRUE
646,DEEP RIVER AND DISTRICT,Small Hospital,TRUE,https://www.drdh.org,Community — Small,NA,NA,3,full,2023-01-01,2027-01-01,2023,TRUE,TRUE,FALSE,TRUE,TRUE,pdf,2026-03-27,TRUE
647,DRYDEN REGIONAL HEALTH CENTRE,Small Hospital,TRUE,https://www.drhc.on.ca,Community — Small,NA,NA,3,full,2023-01-01,2026-01-01,2023,TRUE,TRUE,TRUE,TRUE,FALSE,pdf,2026-03-27,TRUE
648,DUNNVILLE HALDIMAND WAR MEMORIAL,Small Hospital,TRUE,https://www.hwmh.ca,Community — Small,NA,NA,0,thin,NA,NA,NA,FALSE,FALSE,FALSE,FALSE,FALSE,pdf,2026-03-28,TRUE
650,ELLIOT LAKE ST JOSEPH'S,Small Hospital,TRUE,https://sjghel.ca,Community — Small,NA,NA,0,thin,NA,NA,NA,FALSE,FALSE,FALSE,FALSE,FALSE,pdf,2026-03-28,TRUE
651,OTTAWA ROYAL OTTAWA (PSYCH),Specialty Mental Health Hospital,TRUE,https://www.theroyal.ca,Specialty,NA,NA,5,full,2025-01-01,2028-01-01,2025,TRUE,TRUE,TRUE,TRUE,FALSE,pdf,2026-03-27,TRUE
653,Blanche River ENGLEHART & DISTRICT,Small Hospital,TRUE,https://www.blancheriverhealth.ca,Community — Small,NA,NA,6,full,2024-01-01,2029-01-01,2024,TRUE,TRUE,TRUE,TRUE,FALSE,pdf,2026-03-27,TRUE
654,ESPANOLA GENERAL,Small Hospital,TRUE,https://espanolaregionalhospital.ca,Community — Small,NA,NA,9,full,2025-01-01,2030-01-01,2025,TRUE,TRUE,TRUE,TRUE,FALSE,pdf,2026-03-27,TRUE
655,Huron Health EXETER SOUTH HURON,Small Hospital,TRUE,https://www.huronhealthsystem.ca,Community — Small,NA,NA,4,full,2023-01-01,2026-01-01,2023,TRUE,TRUE,TRUE,TRUE,FALSE,pdf,2026-03-27,TRUE
656,WHCA Grove community hospital ,Small Hospital,TRUE,https://gmch.whca.ca,Community — Small,NA,NA,5,full,2023-01-01,2028-01-01,2023,TRUE,TRUE,TRUE,TRUE,FALSE,pdf,2026-03-31,TRUE
661,Cambridge Memorial Hospital,Large Community Hospital,TRUE,https://www.cmh.org,Community — Large,NA,NA,5,full,2022-01-01,2027-01-01,2022,TRUE,TRUE,TRUE,TRUE,FALSE,pdf,2026-03-27,TRUE
662,GERALDTON DISTRICT HOSPITAL,Small Hospital,TRUE,https://www.geraldtondh.com,Community — Small,NA,NA,3,full,2024-01-01,2028-01-01,2024,TRUE,TRUE,FALSE,TRUE,TRUE,pdf,2026-03-27,TRUE
663,Huron HealthGODERICH ALEXANDRA MARINE & GEN,Small Hospital,TRUE,https://www.huronhealthsystem.ca,Community — Small,NA,NA,4,full,2023-01-01,2026-01-01,2023,TRUE,TRUE,TRUE,TRUE,FALSE,pdf,2026-03-27,TRUE
665,GUELPH GENERAL,Large Community Hospital,TRUE,https://www.gghorg.ca,Community — Large,NA,NA,5,full,2022-01-01,2027-01-01,2022,TRUE,TRUE,TRUE,TRUE,FALSE,pdf,2026-03-27,TRUE
666,GUELPH ST JOSEPH'S HEALTH CENTRE,Small Hospital,TRUE,https://www.sjhcg.ca,Community — Small,NA,NA,4,full,2020-01-01,2023-01-01,2020,TRUE,TRUE,TRUE,TRUE,FALSE,pdf_image,2026-03-31,TRUE
674,HAMILTON ST JOSEPH'S,Teaching Hospital,TRUE,https://www.stjoes.ca,Teaching,NA,NA,5,full,2025-01-01,2030-01-01,2025,TRUE,TRUE,TRUE,TRUE,FALSE,pdf,2026-03-27,TRUE
676,HANOVER & DISTRICT,Small Hospital,TRUE,https://www.hanoverhospital.on.ca,Community — Small,NA,NA,4,partial,2025-01-01,2030-01-01,2025,TRUE,TRUE,TRUE,TRUE,FALSE,pdf,2026-03-27,TRUE
681,HEARST NOTRE DAME,Small Hospital,TRUE,https://www.ndh.on.ca,Community — Small,NA,NA,4,full,2024-01-01,2027-01-01,2024,TRUE,TRUE,TRUE,TRUE,FALSE,pdf,2026-03-27,TRUE
682,HORNEPAYNE COMMUNITY,Small Hospital,TRUE,https://www.hornepaynecommunityhospital.ca,Community — Small,NA,NA,0,thin,2011-01-01,2012-01-01,2011,TRUE,FALSE,FALSE,FALSE,TRUE,pdf,2026-03-27,TRUE
684,Rural Roads Health servcies INGERSOLL ALEXANDRA,Small Hospital,TRUE,https://www.ruralroadshealthservices.ca,Community — Small,NA,NA,4,partial,2024-01-01,2026-01-01,2024,TRUE,TRUE,TRUE,TRUE,FALSE,txt,2026-03-27,TRUE
685,MICS Group IROQUOIS FALLS ANSON GENERAL,Small Hospital,TRUE,https://www.micsgroup.com,Community — Small,NA,NA,5,full,2023-01-01,2026-01-01,2023,TRUE,TRUE,TRUE,TRUE,FALSE,pdf,2026-03-27,TRUE
686,WAWA LADY DUNN HC,Small Hospital,TRUE,https://ldhc.com,Community — Small,NA,NA,4,full,2022-01-01,2027-01-01,2022,TRUE,TRUE,TRUE,TRUE,FALSE,pdf,2026-03-27,TRUE
695,KINGSTON PROVIDENCE CARE HOSPITAL,Chronic/Rehab Hospital,TRUE,https://providencecare.ca,Specialty,NA,NA,5,full,2025-01-01,2028-01-01,2025,TRUE,TRUE,TRUE,TRUE,FALSE,pdf,2026-03-27,TRUE
696,KIRKLAND & DISTRICT,Small Hospital,TRUE,https://www.blancheriverhealth.ca,Community — Small,NA,NA,6,full,2024-01-01,2029-01-01,2024,TRUE,TRUE,TRUE,TRUE,FALSE,pdf,2026-03-27,TRUE
699,WRHN-KITCHENER ST MARY'S,Large Community Hospital,TRUE,https://www.smgh.ca,Community — Large,NA,NA,NA,no_data,NA,NA,NA,NA,NA,NA,NA,NA,NA,NA,FALSE
701,RICHMOND HILL MACKENZIE HEALTH,Large Community Hospital,TRUE,https://www.mackenziehealth.ca,Community — Large,NA,NA,8,full,2025-01-01,2028-01-01,2025,TRUE,TRUE,TRUE,TRUE,FALSE,pdf,2026-03-27,TRUE
704,Erie Shores Leamington,Small Hospital,TRUE,https://www.erieshoreshealthcare.ca,Community — Small,NA,NA,4,partial,2025-01-01,NA,2025,TRUE,TRUE,FALSE,TRUE,FALSE,pdf_image,2026-03-31,TRUE
707,Ross Memorial Hospital,Large Community Hospital,TRUE,https://rmh.org,Community — Large,NA,NA,4,full,2023-01-01,2027-01-01,2023,TRUE,TRUE,TRUE,TRUE,FALSE,pdf,2026-03-27,TRUE
709,Listowel Wingham LISTOWEL MEMORIAL,Small Hospital,TRUE,https://lwha.ca,Community — Small,NA,NA,5,partial,2025-01-01,2027-01-01,2025,TRUE,TRUE,TRUE,TRUE,TRUE,pdf,2026-03-27,TRUE
714,LONDON ST JOSEPHS,Teaching Hospital,TRUE,https://www.sjhc.london.on.ca,Teaching,NA,NA,3,full,2025-01-01,2030-01-01,2025,TRUE,TRUE,TRUE,TRUE,FALSE,pdf,2026-04-10,TRUE
718,BURLINGTON JOSEPH BRANT HOSPITAL,Large Community Hospital,TRUE,https://www.josephbranthospital.ca,Community — Large,NA,NA,4,full,2023-01-01,2026-01-01,2023,TRUE,TRUE,TRUE,TRUE,FALSE,pdf,2026-03-31,TRUE
719,MANITOUWADGE SANTE MANITOUWADGE,Small Hospital,TRUE,https://www.mh.on.ca,Community — Small,NA,NA,NA,no_data,NA,NA,NA,NA,NA,NA,NA,NA,NA,NA,FALSE
723,MATHESON BINGHAM MEMORIAL,Small Hospital,TRUE,https://www.micsgroup.com,Community — Small,NA,NA,5,full,2023-01-01,2026-01-01,2023,TRUE,TRUE,TRUE,TRUE,FALSE,pdf,2026-03-27,TRUE
724,MATTAWA GENERAL,Small Hospital,TRUE,https://www.mattawahealth.ca,Community — Small,NA,NA,4,partial,2023-01-01,2026-01-01,2023,TRUE,TRUE,TRUE,TRUE,FALSE,pdf,2026-03-27,TRUE
726,MIDLAND GEORGIAN BAY,Large Community Hospital,TRUE,https://gbgh.on.ca,Community — Large,NA,NA,4,full,2023-01-01,2030-01-01,2023,TRUE,FALSE,FALSE,TRUE,TRUE,pdf,2026-03-27,TRUE
732,KEMPTVILLE DISTRICT,Small Hospital,TRUE,https://kdh.on.ca,Community — Small,NA,NA,5,thin,2022-01-01,2026-01-01,2022,TRUE,TRUE,FALSE,FALSE,FALSE,txt,2026-03-28,TRUE
734,HALDIMAND WEST HALDIMAND GENERAL,Small Hospital,TRUE,https://www.whgh.ca,Community — Small,NA,NA,5,full,2025-01-01,2028-01-01,2025,TRUE,TRUE,TRUE,TRUE,FALSE,pdf,2026-03-27,TRUE
736,NEWMARKET SOUTHLAKE REGIONAL,Large Community Hospital,TRUE,https://southlake.ca,Community — Large,NA,NA,10,full,2025-01-01,2034-01-01,2025,TRUE,FALSE,FALSE,TRUE,TRUE,pdf,2026-03-31,TRUE
739,NIPIGON DISTRICT MEMORIAL,Small Hospital,TRUE,https://www.ndmh.ca,Community — Small,NA,NA,3,partial,NA,NA,NA,FALSE,TRUE,FALSE,TRUE,TRUE,txt,2026-04-10,TRUE
745,ORILLIA SOLDIERS' MEMORIAL,Large Community Hospital,TRUE,https://www.osmh.on.ca,Community — Large,NA,NA,3,full,2021-01-01,2025-01-01,2021,TRUE,TRUE,TRUE,TRUE,TRUE,txt,2026-03-28,TRUE
751,OTTAWA CHEO CTC,Specialty Children Hospital,TRUE,https://www.cheo.on.ca,Specialty,NA,NA,5,full,2024-01-01,2029-01-01,2024,TRUE,TRUE,TRUE,TRUE,FALSE,pdf,2026-03-27,TRUE
753,OTTAWA MONTFORT,Teaching Hospital,TRUE,https://hopitalmontfort.com,Teaching,NA,NA,5,full,2024-01-01,2028-01-01,2024,TRUE,TRUE,TRUE,TRUE,FALSE,pdf,2026-03-27,TRUE
763,PEMBROKE REGIONAL,Large Community Hospital,TRUE,https://www.pemreghos.org,Community — Large,NA,NA,7,full,2024-01-01,2029-01-01,2024,TRUE,TRUE,TRUE,TRUE,FALSE,pdf,2026-03-27,TRUE
768,BARRYS BAY ST FRANCIS,Small Hospital,TRUE,https://www.sfmhosp.com,Community — Small,NA,NA,4,partial,2021-01-01,2026-01-01,2021,TRUE,TRUE,TRUE,FALSE,FALSE,pdf,2026-03-27,TRUE
771,PETERBOROUGH REGIONAL HEALTH CENTRE,Large Community Hospital,TRUE,https://www.prhc.on.ca,Community — Large,NA,NA,5,full,2024-01-01,2029-01-01,2024,TRUE,FALSE,FALSE,TRUE,TRUE,pdf,2026-03-28,TRUE
777,Queensway Carleton Hospital,Large Community Hospital,TRUE,https://www.qch.on.ca,Community — Large,NA,NA,9,full,2023-01-01,2028-01-01,2023,TRUE,TRUE,TRUE,TRUE,FALSE,pdf,2026-03-27,TRUE
781,THUNDER BAY ST. JOSEPH'S,Chronic/Rehab Hospital,TRUE,https://sjcg.net,Specialty,NA,NA,7,full,2024-01-01,2028-01-01,2024,TRUE,TRUE,TRUE,TRUE,FALSE,pdf,2026-03-27,TRUE
784,LITTLE CURRENT MANITOULIN,Small Hospital,TRUE,https://www.mhc.on.ca,Community — Small,NA,NA,5,partial,2025-01-01,2028-01-01,2025,TRUE,FALSE,FALSE,TRUE,FALSE,pdf,2026-03-27,TRUE
788,RENFREW VICTORIA,Small Hospital,TRUE,https://www.renfrewhosp.com,Community — Small,NA,NA,4,full,2021-01-01,2026-01-01,2021,TRUE,TRUE,TRUE,TRUE,FALSE,pdf,2026-03-27,TRUE
790,ST CATHARINES HOTEL DIEU,Chronic/Rehab Hospital,TRUE,https://www.hoteldieushaver.org,Specialty,NA,NA,5,partial,2025-01-01,2030-01-01,2025,TRUE,TRUE,TRUE,TRUE,FALSE,pdf,2026-03-27,TRUE
793,ST THOMAS ELGIN GENERAL,Large Community Hospital,TRUE,https://www.stegh.on.ca,Community — Large,NA,NA,7,full,2024-01-01,2027-01-01,2024,TRUE,FALSE,FALSE,TRUE,FALSE,pdf,2026-03-27,TRUE
800,HAWKESBURY & DISTRICT GENERAL,Small Hospital,TRUE,https://hgh.ca,Community — Small,NA,NA,0,thin,NA,NA,NA,FALSE,FALSE,FALSE,FALSE,FALSE,pdf,2026-03-28,TRUE
802,ALEXANDRIA GLENGARRY,Small Hospital,TRUE,https://www.hgmh.on.ca,Community — Small,NA,NA,4,full,2023-01-01,2028-01-01,2023,TRUE,TRUE,TRUE,TRUE,FALSE,pdf,2026-03-27,TRUE
804,SIMCOE NORFOLK GENERAL,Large Community Hospital,TRUE,https://www.ngh.on.ca,Community — Large,NA,NA,3,full,2018-01-01,2023-01-01,2018,TRUE,TRUE,TRUE,TRUE,FALSE,pdf,2026-03-27,TRUE
809,SMOOTH ROCK FALLS,Small Hospital,TRUE,https://www.srfhosp.ca,Community — Small,NA,NA,5,partial,2020-01-01,2023-01-01,2020,TRUE,TRUE,TRUE,TRUE,FALSE,pdf,2026-03-27,TRUE
813,STRATFORD GENERAL,Large Community Hospital,TRUE,https://www.hpha.ca,Community — Large,NA,NA,3,full,2025-01-01,2028-01-01,2025,TRUE,TRUE,TRUE,TRUE,FALSE,pdf,2026-03-27,TRUE
814,Middlesex Hosptial Alliance  STRATHROY MIDDLESEX GENERAL,Large Community Hospital,TRUE,https://mhalliance.on.ca,Community — Large,NA,NA,3,full,2024-01-01,NA,2024,TRUE,TRUE,TRUE,TRUE,FALSE,pdf,2026-03-27,TRUE
824,Rural Roads Health Services TILLSONBURG DISTRICT MEMORIAL,Small Hospital,TRUE,https://www.ruralroadshealthservices.ca,Community — Small,NA,NA,4,partial,2024-01-01,2026-01-01,2024,TRUE,TRUE,TRUE,TRUE,FALSE,txt,2026-03-27,TRUE
826,KENORA LAKE OF THE WOODS,Small Hospital,TRUE,http://www.lwdh.on.ca,Community — Small,NA,NA,5,full,2024-01-01,2028-01-01,2024,TRUE,TRUE,TRUE,TRUE,FALSE,pdf_image,2026-04-10,TRUE
827,TORONTO BAYCREST CTR GERIATRIC CARE,Chronic/Rehab Hospital,TRUE,https://www.baycrest.org,Specialty,NA,NA,6,full,2024-01-01,2029-01-01,2024,TRUE,TRUE,TRUE,TRUE,FALSE,pdf,2026-03-27,TRUE
837,TORONTO HOSPITAL FOR SICK CHILDREN,Specialty Children Hospital,TRUE,https://www.sickkids.ca,Specialty,NA,NA,7,full,2025-01-01,2030-01-01,2025,TRUE,TRUE,TRUE,TRUE,FALSE,pdf,2026-03-27,TRUE
850,TORONTO RUNNYMEDE HC,Chronic/Rehab Hospital,TRUE,https://runnymedehc.ca,Specialty,NA,NA,4,partial,2020-01-01,2024-01-01,2020,TRUE,TRUE,FALSE,TRUE,FALSE,txt,2026-03-28,TRUE
854,TORONTO SA GRACE,Small Hospital,FALSE,https://www.torontograce.org,Community — Small,NA,NA,5,full,2024-01-01,2029-01-01,2024,TRUE,TRUE,TRUE,TRUE,FALSE,pdf,2026-03-28,TRUE
858,Michael Garron TORONTO EAST GENERAL,Large Community Hospital,TRUE,https://www.tehn.ca,Community — Large,NA,NA,5,full,2025-01-01,2035-01-01,2025,TRUE,TRUE,FALSE,TRUE,TRUE,pdf,2026-03-27,TRUE
862,TORONTO WOMENS COLLEGE,Teaching Hospital,TRUE,https://www.womenscollegehospital.ca,Teaching,NA,NA,3,full,NA,2030-01-01,NA,FALSE,TRUE,TRUE,TRUE,FALSE,pdf,2026-04-10,TRUE
881,STURGEON FALLS WEST NIPISSING,Small Hospital,TRUE,https://www.wngh.ca,Community — Small,NA,NA,5,partial,2024-01-01,2027-01-01,2024,TRUE,FALSE,FALSE,FALSE,FALSE,pdf,2026-03-27,TRUE
882,WINCHESTER DISTRICT MEMORIAL,Large Community Hospital,TRUE,https://www.wdmh.on.ca,Community — Large,NA,NA,4,full,2019-01-01,2024-01-01,2019,TRUE,FALSE,FALSE,FALSE,FALSE,pdf,2026-03-27,TRUE
888,NEW LISKEARD TEMISKAMING HOSPITAL,Small Hospital,TRUE,https://www.temiskaming-hospital.com,Community — Small,NA,NA,4,full,2022-01-01,2027-01-01,2022,TRUE,TRUE,TRUE,TRUE,FALSE,pdf,2026-03-27,TRUE
889,WINGHAM & DISTRICT,Small Hospital,TRUE,https://lwha.ca,Community — Small,NA,NA,5,partial,2025-01-01,2027-01-01,2025,TRUE,TRUE,TRUE,TRUE,TRUE,pdf,2026-03-27,TRUE
890,WOODSTOCK WOODSTOCK HOSPITAL,Large Community Hospital,TRUE,https://www.woodstockhospital.ca,Community — Large,NA,NA,4,full,2025-01-01,2028-01-01,2025,TRUE,TRUE,TRUE,TRUE,FALSE,pdf_image,2026-03-31,TRUE
896,RED LAKE MARG COCHENOUR MEMORIAL,Small Hospital,TRUE,https://www.redlakehospital.ca,Community — Small,NA,NA,4,full,2024-01-01,2027-01-01,2024,TRUE,TRUE,TRUE,FALSE,FALSE,pdf,2026-03-27,TRUE
900,FORT FRANCES RIVERSIDE HEALTH CARE,Small Hospital,TRUE,https://riversidehealthcare.ca,Community — Small,NA,NA,4,thin,NA,NA,NA,FALSE,FALSE,FALSE,FALSE,FALSE,txt,2026-03-28,TRUE
905,OAK VALLEY HEALTH,Large Community Hospital,TRUE,https://www.oakvalleyhealth.ca,Community — Large,NA,NA,3,full,2024-01-01,2029-01-01,2024,TRUE,TRUE,TRUE,TRUE,FALSE,pdf,2026-03-27,TRUE
907,TIMMINS & DISTRICT GENERAL,Large Community Hospital,TRUE,https://tadh.com,Community — Large,NA,NA,5,full,2022-01-01,2027-01-01,2022,TRUE,TRUE,TRUE,TRUE,FALSE,pdf_image,2026-03-31,TRUE
910,TORONTO CASEY HOUSE,Small Hospital,TRUE,https://caseyhouse.ca,Community — Small,NA,NA,NA,no_data,NA,NA,NA,NA,NA,NA,NA,NA,NA,NA,FALSE
916,HEADWATERS,Large Community Hospital,TRUE,https://www.headwatershealth.ca,Community — Large,NA,NA,4,full,2024-01-01,2029-01-01,2024,TRUE,TRUE,FALSE,TRUE,TRUE,pdf,2026-03-27,TRUE
927,Windsor Hotel Dieu Grace,Chronic/Rehab Hospital,FALSE,https://www.hdgh.org,Specialty,NA,NA,NA,no_data,NA,NA,NA,NA,NA,NA,NA,NA,NA,NA,FALSE
928,PERTH SMITHS FALLS,Large Community Hospital,TRUE,https://psfdh.on.ca,Community — Large,NA,NA,4,partial,2023-01-01,2027-01-01,2023,TRUE,TRUE,TRUE,TRUE,FALSE,pdf,2026-03-27,TRUE
930,WRHN-KITCHENER GRAND RIVER,Large Community Hospital,TRUE,https://www.grhosp.on.ca,Community — Large,NA,NA,NA,no_data,NA,NA,NA,NA,NA,NA,NA,NA,NA,NA,FALSE
931,PARRY SOUND WEST PARRY SOUND,Large Community Hospital,TRUE,https://www.wpshc.com,Community — Large,NA,NA,4,full,2023-01-01,2025-01-01,2023,TRUE,TRUE,TRUE,TRUE,TRUE,pdf,2026-03-27,TRUE
932,Elizabeth Bruyere Hospital,Chronic/Rehab Hospital,TRUE,https://www.bruyere.org,Specialty,NA,NA,5,partial,2024-01-01,2030-01-01,2024,TRUE,TRUE,TRUE,TRUE,FALSE,html,2026-03-27,TRUE
933,WINDSOR REGIONAL HOSPITAL,Large Community Hospital,FALSE,https://www.wrh.on.ca,Community — Large,NA,NA,NA,no_data,NA,NA,NA,NA,NA,NA,NA,NA,NA,NA,FALSE
935,Thunder Bay Regional Health Sciences Centre,Teaching Hospital,TRUE,https://tbrhsc.net,Teaching,NA,NA,5,full,2023-01-01,2026-01-01,2023,TRUE,TRUE,TRUE,TRUE,FALSE,pdf,2026-03-27,TRUE
936,LONDON HEALTH SCIENCES,Teaching Hospital,TRUE,https://www.lhsc.on.ca,Teaching,NA,NA,6,full,2023-01-01,2027-01-01,2023,TRUE,TRUE,FALSE,TRUE,FALSE,html,2026-03-27,TRUE
938,DYSART ET AL HALIBURTON HEALTH SER,Small Hospital,TRUE,https://www.hhhs.ca,Community — Small,NA,NA,4,thin,NA,NA,NA,FALSE,FALSE,FALSE,FALSE,FALSE,pdf,2026-03-28,TRUE
939,TORONTO HOLLAND BLOORVIEW KIDS,Chronic/Rehab Hospital,TRUE,https://hollandbloorview.ca,Specialty,NA,NA,4,full,2023-01-01,2030-01-01,2023,TRUE,TRUE,TRUE,FALSE,FALSE,pdf,2026-03-28,TRUE
940,COBOURG NORTHUMBERLAND HILLS,Large Community Hospital,TRUE,https://nhh.ca,Community — Large,NA,NA,4,partial,2023-01-01,2026-01-01,2023,TRUE,FALSE,FALSE,TRUE,TRUE,pdf,2026-03-27,TRUE
941,Humber River Hospital,Large Community Hospital,TRUE,https://www.hrh.ca,Community — Large,NA,NA,4,full,2023-01-01,2026-01-01,2023,TRUE,TRUE,TRUE,TRUE,FALSE,pdf,2026-04-10,TRUE
942,HAMILTON HEALTH SCIENCES CORP,Teaching Hospital,TRUE,https://www.hamiltonhealthsciences.ca,Teaching,NA,NA,4,full,2026-01-01,2030-01-01,2026,TRUE,TRUE,TRUE,TRUE,FALSE,pdf,2026-03-31,TRUE
946,KINCARDINE SOUTH BRUCE GREY,Small Hospital,TRUE,https://www.sbghc.on.ca,Community — Small,NA,NA,3,full,2026-01-01,2030-01-01,2026,TRUE,TRUE,TRUE,TRUE,TRUE,pdf_image,2026-04-06,TRUE
947,TORONTO UNIVERSITY HEALTH NETWORK,Teaching Hospital,TRUE,https://www.uhn.ca,Teaching,NA,NA,6,full,2025-01-01,2030-01-01,2025,TRUE,TRUE,FALSE,TRUE,TRUE,pdf,2026-03-27,TRUE
948,TORONTO ADDICTION & MENTAL HEALTH,Specialty Mental Health Hospital,TRUE,https://www.camh.ca,Specialty,NA,NA,3,full,2024-01-01,2030-01-01,2024,TRUE,TRUE,TRUE,TRUE,FALSE,pdf,2026-03-27,TRUE
950,HALTON HEALTHCARE,Large Community Hospital,TRUE,https://www.haltonhealthcare.on.ca,Community — Large,NA,NA,4,full,2021-01-01,2026-01-01,2021,TRUE,TRUE,TRUE,TRUE,TRUE,pdf,2026-03-27,TRUE
951,BRAMPTON WILLIAM OSLER,Large Community Hospital,TRUE,https://www.williamoslerhs.ca,Community — Large,NA,NA,9,full,2024-01-01,2029-01-01,2024,TRUE,TRUE,TRUE,TRUE,FALSE,pdf,2026-03-27,TRUE
952,Lakeridge Health,Large Community Hospital,TRUE,https://www.lh.ca,Community — Large,NA,NA,4,full,2019-01-01,2024-01-01,2019,TRUE,TRUE,TRUE,TRUE,FALSE,pdf,2026-03-27,TRUE
953,Sunnybrook Health Sciences Centre,Teaching Hospital,TRUE,https://sunnybrook.ca,Teaching,NA,NA,7,full,2030-01-01,NA,2030,TRUE,TRUE,TRUE,TRUE,FALSE,pdf,2026-03-27,TRUE
955,GREY BRUCE HEALTH SERVICES  Brightshores,Large Community Hospital,TRUE,https://www.brightshores.ca,Community — Large,NA,NA,4,full,2023-01-01,2025-01-01,2023,TRUE,TRUE,TRUE,TRUE,FALSE,pdf,2026-03-27,TRUE
957,BELLEVILLE QUINTE HEALTH CARE,Large Community Hospital,TRUE,https://quintehealth.ca,Community — Large,NA,NA,4,partial,2023-01-01,2028-01-01,2023,TRUE,TRUE,FALSE,TRUE,TRUE,pdf,2026-03-27,TRUE
958,OTTAWA THE OTTAWA HOSPITAL,Teaching Hospital,TRUE,https://www.ottawahospital.on.ca,Teaching,NA,NA,4,full,2023-01-01,NA,2023,TRUE,TRUE,TRUE,TRUE,FALSE,pdf,2026-03-28,TRUE
959,SUDBURY HEALTH SCIENCES NORTH,Teaching Hospital,TRUE,https://hsnsudbury.ca,Teaching,NA,NA,5,full,2026-01-01,2030-01-01,2026,TRUE,TRUE,TRUE,TRUE,FALSE,pdf_image,2026-03-31,TRUE
961,OTTAWA HEART INSTITUTE,Teaching Hospital,TRUE,https://www.ottawaheart.ca,Teaching,NA,NA,3,full,2025-01-01,2030-01-01,2025,TRUE,FALSE,FALSE,FALSE,TRUE,pdf,2026-04-10,TRUE
962,ST CATHARINES NIAGARA HEALTH SYSTEM,Large Community Hospital,TRUE,https://www.niagarahealth.on.ca,Community — Large,NA,NA,3,full,2023-01-01,2028-01-01,2023,TRUE,TRUE,FALSE,TRUE,TRUE,pdf,2026-03-27,TRUE
963,MOUNT FOREST NORTH WELLINGTON HC,Small Hospital,TRUE,https://gmch.whca.ca,Community — Small,NA,NA,5,full,2023-01-01,2028-01-01,2023,TRUE,TRUE,TRUE,TRUE,FALSE,pdf,2026-03-31,TRUE
964,SIOUX LOOKOUT MENO-YA-WIN HC,Small Hospital,TRUE,https://slmhc.on.ca,Community — Small,NA,NA,7,full,2025-01-01,2028-01-01,2025,TRUE,TRUE,TRUE,TRUE,FALSE,pdf_image,2026-03-31,TRUE
965,SAULT STE MARIE SAULT AREA,Large Community Hospital,TRUE,https://sah.on.ca,Community — Large,NA,NA,3,full,2022-01-01,2025-01-01,2022,TRUE,TRUE,TRUE,TRUE,FALSE,pdf,2026-03-27,TRUE
966,SARNIA BLUEWATER HEALTH,Large Community Hospital,FALSE,https://www.bluewaterhealth.ca,Community — Large,NA,NA,NA,no_data,NA,NA,NA,NA,NA,NA,NA,NA,NA,NA,FALSE
967,CORNWALL COMMUNITY,Large Community Hospital,TRUE,https://www.cornwallhospital.ca,Community — Large,NA,NA,3,partial,2022-01-01,2027-01-01,2022,TRUE,TRUE,TRUE,TRUE,FALSE,pdf,2026-03-27,TRUE
968,HUNTSVILLE MUSKOKA ALGONQUIN HC,Large Community Hospital,TRUE,https://www.mahc.ca,Community — Large,NA,NA,4,full,2025-01-01,2030-01-01,2025,TRUE,TRUE,TRUE,TRUE,FALSE,pdf,2026-03-28,TRUE
969,WHITBY ONT SHORES CENTRE MH SCIENCE,Specialty Mental Health Hospital,TRUE,https://www.ontarioshores.ca,Specialty,NA,NA,3,full,2022-01-01,2026-01-01,2022,TRUE,TRUE,TRUE,TRUE,FALSE,pdf,2026-03-28,TRUE
970,Brantford Brant Community,Large Community Hospital,TRUE,https://www.bchsys.org,Community — Large,NA,NA,4,full,2025-01-01,2030-01-01,2025,TRUE,TRUE,TRUE,TRUE,FALSE,pdf,2026-03-27,TRUE
971,SUDBURY ST.JOSEPHS CONTINUING CARE,Small Hospital,FALSE,https://www.sjsudbury.com,Community — Small,NA,NA,4,full,2025-01-01,2029-01-01,2025,TRUE,TRUE,TRUE,TRUE,FALSE,pdf,2026-03-28,TRUE
972,PENETANGUISHENE WAYPOINT,Specialty Mental Health Hospital,TRUE,https://www.waypointcentre.ca,Specialty,NA,NA,4,full,2026-01-01,2035-01-01,2026,TRUE,TRUE,TRUE,TRUE,FALSE,pdf,2026-03-27,TRUE
973,MOOSE FACTORY WEENEEBAYKO AREA,Small Hospital,TRUE,https://www.waha.ca,Community — Small,NA,NA,5,full,2015-01-01,2018-01-01,2015,TRUE,TRUE,TRUE,FALSE,FALSE,pdf,2026-03-27,TRUE
974,NORTH BAY NORTH BAY REGIONAL HC,Large Community Hospital,TRUE,https://nbrhc.on.ca,Community — Large,NA,NA,5,partial,2022-01-01,2027-01-01,2022,TRUE,TRUE,TRUE,TRUE,FALSE,pdf,2026-03-27,TRUE
975,MISSISSAUGA TRILLIUM HEALTH PARTNER,Large Community Hospital,TRUE,https://www.thp.ca,Community — Large,NA,NA,4,full,2026-01-01,2030-01-01,2026,TRUE,TRUE,TRUE,TRUE,FALSE,pdf,2026-03-27,TRUE
976,TORONTO SINAI HEALTH SYSTEM,Teaching Hospital,TRUE,https://www.sinaihealth.ca,Teaching,NA,NA,4,full,2023-01-01,2028-01-01,2023,TRUE,TRUE,TRUE,TRUE,TRUE,pdf,2026-04-10,TRUE
977,TERRACE BAY NORTH OF SUPERIOR HC,Small Hospital,FALSE,https://www.nosh.ca,Community — Small,NA,NA,5,full,2026-01-01,2028-01-01,2026,TRUE,TRUE,TRUE,TRUE,FALSE,pdf,2026-03-28,TRUE
978,KINGSTON KINGSTON HEALTH SCIENCES,Teaching Hospital,TRUE,https://kingstonhsc.ca,Teaching,NA,NA,5,partial,2024-01-01,2027-01-01,2024,TRUE,FALSE,FALSE,FALSE,FALSE,pdf,2026-04-10,TRUE
979,TORONTO SCARBOROUGH HEALTH NETWORK,Large Community Hospital,TRUE,https://www.shn.ca,Community — Large,NA,NA,5,full,2024-01-01,2029-01-01,2024,TRUE,TRUE,TRUE,TRUE,FALSE,pdf,2026-03-27,TRUE
980,TORONTO UNITY HEALTH TORONTO,Teaching Hospital,TRUE,https://unityhealth.to,Teaching,NA,NA,9,full,2019-01-01,2026-01-01,2019,TRUE,TRUE,TRUE,TRUE,FALSE,pdf,2026-03-27,TRUE
981,CHATHAM CHATHAM-KENT HEALTH ALLIANC,Large Community Hospital,FALSE,https://www.ckha.on.ca,Community — Large,NA,NA,NA,no_data,NA,NA,NA,NA,NA,NA,NA,NA,NA,NA,FALSE
982,Blanche River Health,Large Community Hospital,TRUE,https://www.blancheriverhealth.ca,Community — Large,NA,NA,6,full,2024-01-01,2029-01-01,2024,TRUE,TRUE,TRUE,TRUE,FALSE,pdf,2026-03-27,TRUE
983,HURON PERTH HEALTHCARE ALLIANCE,Large Community Hospital,TRUE,https://www.hpha.ca,Community — Large,NA,NA,3,full,2025-01-01,2028-01-01,2025,TRUE,TRUE,TRUE,TRUE,FALSE,pdf,2026-03-27,TRUE
